City_ID,City,Country,Date,Lat,Lng,Max Temp,Humidity,Cloudiness,Wind Speed
0,Vestmannaeyjar,IS,2022-04-03 01:12:26,63.4427,-20.2734,45.82,99,100,7.38
1,Busselton,AU,2022-04-03 01:12:26,-33.65,115.3333,71.02,84,92,12.91
2,Kailua,US,2022-04-03 01:12:27,21.4022,-157.7394,84.18,74,9,10.0
3,Chokurdakh,RU,2022-04-03 01:12:27,70.6333,147.9167,1.42,91,30,4.72
4,Kodiak,US,2022-04-03 01:12:27,57.79,-152.4072,40.51,75,40,4.61
5,Vaini,TO,2022-04-03 01:12:28,-21.2,-175.2,86.16,74,40,5.75
6,Jamestown,US,2022-04-03 01:12:28,42.097,-79.2353,39.52,62,0,6.91
7,Boa Vista,BR,2022-04-03 01:08:20,2.8197,-60.6733,85.98,54,75,9.22
8,Qaanaaq,GL,2022-04-03 01:12:29,77.484,-69.3632,8.56,75,25,7.14
9,Bluff,NZ,2022-04-03 01:12:29,-46.6,168.3333,58.19,71,92,18.23
10,Voh,NC,2022-04-03 01:12:29,-20.9667,164.7,85.82,73,83,5.46
11,Hithadhoo,MV,2022-04-03 01:12:30,-0.6,73.0833,83.19,70,8,6.78
12,Banjar,ID,2022-04-03 01:12:30,-8.19,114.9675,83.7,71,100,1.68
13,Taoudenni,ML,2022-04-03 01:12:30,22.6783,-3.9836,81.25,11,0,6.67
14,Podhum,BA,2022-04-03 01:12:31,43.7231,17.0011,33.98,92,100,1.25
15,Ushuaia,AR,2022-04-03 01:12:31,-54.8,-68.3,38.86,81,20,9.22
16,Rikitea,PF,2022-04-03 01:12:31,-23.1203,-134.9692,75.24,58,7,7.56
17,Fortuna,US,2022-04-03 01:12:32,40.5982,-124.1573,55.92,72,0,11.5
18,Urayasu,JP,2022-04-03 01:12:32,35.6706,139.8886,51.03,73,75,9.22
19,Lillooet,CA,2022-04-03 01:12:32,50.6856,-121.942,48.56,56,100,6.53
20,Cape Town,ZA,2022-04-03 01:10:37,-33.9258,18.4232,62.35,73,0,5.99
21,Villazon,BO,2022-04-03 01:12:33,-22.0866,-65.5942,52.09,43,3,1.74
22,Ketchikan,US,2022-04-03 01:10:46,55.3422,-131.6461,40.98,97,100,25.61
23,Bredasdorp,ZA,2022-04-03 01:12:33,-34.5322,20.0403,59.77,81,43,6.51
24,Kapaa,US,2022-04-03 01:11:32,22.0752,-159.319,80.58,79,75,20.71
25,Nelson Bay,AU,2022-04-03 01:12:34,-32.7167,152.15,73.0,63,100,13.69
26,Cururupu,BR,2022-04-03 01:12:34,-1.8283,-44.8683,74.62,97,31,2.53
27,Brigantine,US,2022-04-03 01:12:34,39.4101,-74.3646,45.05,72,0,6.91
28,Saurimo,AO,2022-04-03 01:12:35,-9.6608,20.3916,64.08,98,98,3.44
29,Havre-Saint-Pierre,CA,2022-04-03 01:12:35,50.2334,-63.5986,36.66,72,100,17.47
30,Sibolga,ID,2022-04-03 01:12:35,1.7427,98.7792,77.07,87,100,1.34
31,Butaritari,KI,2022-04-03 01:12:36,3.0707,172.7902,81.64,77,41,16.4
32,Punta Arenas,CL,2022-04-03 01:12:36,-53.15,-70.9167,41.11,81,0,6.91
33,Bubaque,GW,2022-04-03 01:12:37,11.2833,-15.8333,74.37,70,91,16.89
34,Bosaso,SO,2022-04-03 01:12:37,11.2842,49.1816,78.55,63,0,11.56
35,Port Elizabeth,ZA,2022-04-03 01:12:37,-33.918,25.5701,63.32,99,100,8.99
36,Thompson,CA,2022-04-03 01:07:48,55.7435,-97.8558,20.25,94,100,2.86
37,Severo-Kurilsk,RU,2022-04-03 01:12:38,50.6789,156.125,30.02,70,100,27.13
38,Mucuri,BR,2022-04-03 01:12:38,-18.0864,-39.5508,77.36,81,0,7.02
39,Deputatskiy,RU,2022-04-03 01:12:38,69.3,139.9,-4.58,92,100,2.98
40,Roald,NO,2022-04-03 01:12:39,62.5833,6.1333,38.75,87,100,11.5
41,Albany,US,2022-04-03 01:07:50,42.6001,-73.9662,41.92,59,100,5.1
42,Yulara,AU,2022-04-03 01:12:39,-25.2406,130.9889,73.96,27,0,10.45
43,Filadelfia,US,2022-04-03 01:11:53,39.9523,-75.1638,49.01,54,40,4.61
44,Sumbawanga,TZ,2022-04-03 01:13:40,-7.9667,31.6167,57.38,91,100,2.57
45,Hermanus,ZA,2022-04-03 01:13:40,-34.4187,19.2345,60.8,84,3,12.37
46,Geraldton,AU,2022-04-03 01:13:41,-28.7667,114.6,77.41,83,100,9.22
47,Tuktoyaktuk,CA,2022-04-03 01:10:21,69.4541,-133.0374,-6.02,89,100,5.21
48,Saint-Philippe,RE,2022-04-03 01:13:41,-21.3585,55.7679,73.11,92,100,16.67
49,Auki,SB,2022-04-03 01:13:41,-8.7676,160.7034,85.33,70,77,5.64
50,Carnarvon,AU,2022-04-03 01:09:35,-24.8667,113.6333,78.87,89,100,5.75
51,Isangel,VU,2022-04-03 01:13:42,-19.55,169.2667,83.46,78,100,6.67
52,Guerrero Negro,MX,2022-04-03 01:09:08,27.9769,-114.0611,62.42,66,71,14.74
53,Coolum Beach,AU,2022-04-03 01:13:42,-26.5333,153.1,84.07,71,1,4.99
54,Cabedelo,BR,2022-04-03 01:13:43,-6.9811,-34.8339,79.47,82,95,10.63
55,Puerto Ayora,EC,2022-04-03 01:13:43,-0.7393,-90.3518,78.55,96,62,3.0
56,Port Macquarie,AU,2022-04-03 01:13:43,-31.4333,152.9167,75.88,45,97,4.52
57,Moa,CU,2022-04-03 01:13:44,20.6569,-74.9403,77.72,83,65,10.92
58,Tiksi,RU,2022-04-03 01:13:44,71.6872,128.8694,1.06,98,100,7.29
59,Los Llanos De Aridane,ES,2022-04-03 01:11:26,28.6585,-17.9182,58.75,82,0,5.01
60,Hobart,AU,2022-04-03 01:11:47,-42.8794,147.3294,61.27,73,100,8.05
61,Barrow,US,2022-04-03 01:11:27,71.2906,-156.7887,-2.18,71,0,13.8
62,Manzhouli,CN,2022-04-03 01:13:45,49.6,117.4333,49.98,22,40,12.15
63,Lasa,IT,2022-04-03 01:13:45,46.6166,10.7002,17.94,94,96,5.68
64,Ribe,DK,2022-04-03 01:13:45,55.3305,8.7697,35.04,77,95,6.98
65,Chongwe,ZM,2022-04-03 01:13:46,-15.3292,28.682,62.64,96,1,2.75
66,Lebu,CL,2022-04-03 01:09:06,-37.6167,-73.65,53.78,80,86,16.4
67,Liku,ID,2022-04-03 01:13:46,-0.7275,119.8922,74.77,94,100,3.83
68,Port Blair,IN,2022-04-03 01:13:47,11.6667,92.75,78.84,94,75,0.0
69,Camopi,GF,2022-04-03 01:13:47,3.1655,-52.3158,72.72,100,100,1.57
70,Avarua,CK,2022-04-03 01:13:47,-21.2078,-159.775,84.25,74,75,5.75
71,Coquimbo,CL,2022-04-03 01:11:25,-29.9533,-71.3436,55.13,94,20,3.44
72,Clyde River,CA,2022-04-03 01:13:48,70.4692,-68.5914,10.63,92,100,6.91
73,Poum,NC,2022-04-03 01:13:48,-20.2333,164.0167,82.63,79,99,5.14
74,Kissidougou,GN,2022-04-03 01:13:48,9.1848,-10.0999,69.19,93,100,4.38
75,Yumen,CN,2022-04-03 01:13:49,40.2833,97.2,49.59,13,1,17.47
76,Grindavik,IS,2022-04-03 01:13:49,63.8424,-22.4338,45.07,100,100,12.66
77,Khatanga,RU,2022-04-03 01:13:49,71.9667,102.5,-3.06,96,100,9.33
78,Largo,US,2022-04-03 01:13:24,27.9095,-82.7873,66.94,89,100,4.61
79,Moba,CN,2022-04-03 01:13:50,33.2288,105.0179,43.79,78,100,4.99
80,Pochutla,MX,2022-04-03 01:13:50,15.7432,-96.4661,82.81,59,32,4.65
81,San Ignacio,BZ,2022-04-03 01:13:51,17.1561,-89.0714,87.94,62,0,6.91
82,Drummondville,CA,2022-04-03 01:11:02,45.8834,-72.4824,34.02,69,99,5.86
83,Chuy,UY,2022-04-03 01:13:51,-33.6971,-53.4616,62.62,78,0,10.94
84,Upernavik,GL,2022-04-03 01:13:51,72.7868,-56.1549,7.12,98,98,10.8
85,Olafsvik,IS,2022-04-03 01:10:18,64.8945,-23.7142,42.69,98,100,10.58
86,Asau,RO,2022-04-03 01:13:52,46.4333,26.4,37.96,100,100,2.06
87,Kuala Terengganu,MY,2022-04-03 01:13:52,5.3302,103.1408,78.6,83,100,2.06
88,Estelle,US,2022-04-03 01:13:53,29.8458,-90.1067,69.8,59,0,5.01
89,Port Alfred,ZA,2022-04-03 01:14:53,-33.5906,26.891,63.18,95,100,5.01
90,Vostok,RU,2022-04-03 01:14:53,46.4856,135.8833,38.46,71,0,8.39
91,Mabaruma,GY,2022-04-03 01:12:43,8.2,-59.7833,72.73,94,48,4.16
92,Naron,ES,2022-04-03 01:14:54,43.5167,-8.1528,46.02,82,16,6.42
93,Logan,US,2022-04-03 01:14:54,41.7355,-111.8344,58.19,39,0,16.11
94,Lompoc,US,2022-04-03 01:14:54,34.6391,-120.4579,65.7,85,100,9.22
95,Dzerzhinskoye,RU,2022-04-03 01:14:55,56.8344,95.2283,22.23,82,28,6.17
96,Victoria,HK,2022-04-03 01:12:06,22.2855,114.1577,64.96,56,46,11.01
97,Saint George,US,2022-04-03 01:14:55,37.1041,-113.5841,79.63,16,0,11.5
98,Ponta Do Sol,PT,2022-04-03 01:14:55,32.6667,-17.1,62.01,81,100,10.22
99,Arraial Do Cabo,BR,2022-04-03 01:14:54,-22.9661,-42.0278,76.51,88,100,14.74
100,Hilo,US,2022-04-03 01:12:53,19.7297,-155.09,78.53,78,100,13.8
101,Mormugao,IN,2022-04-03 01:14:56,15.4,73.8,76.41,82,76,3.78
102,Maragogi,BR,2022-04-03 01:14:56,-9.0122,-35.2225,78.31,79,13,5.82
103,Kaitangata,NZ,2022-04-03 01:14:57,-46.2817,169.8464,64.62,53,88,7.78
104,Boqueirao,BR,2022-04-03 01:14:57,-7.5,-36.1333,71.46,89,13,6.69
105,Payo,ID,2022-04-03 01:14:57,-3.7508,103.6372,76.96,79,100,0.56
106,Bafq,IR,2022-04-03 01:14:58,31.6128,55.4107,65.98,18,0,3.89
107,Venado Tuerto,AR,2022-04-03 01:14:58,-33.7456,-61.9688,61.77,50,0,11.52
108,Tigil,RU,2022-04-03 01:14:58,57.8,158.6667,25.47,90,100,12.66
109,New Norfolk,AU,2022-04-03 01:14:59,-42.7826,147.0587,60.93,57,10,1.99
110,Atuona,PF,2022-04-03 01:14:59,-9.8,-139.0333,79.7,75,4,16.37
111,Kasongo-Lunda,CD,2022-04-03 01:15:00,-6.4667,16.8167,70.29,99,100,2.37
112,Mar Del Plata,AR,2022-04-03 01:15:00,-38.0023,-57.5575,61.88,79,0,20.0
113,Polunochnoye,RU,2022-04-03 01:15:00,60.8697,60.4153,11.75,97,100,2.3
114,De-Kastri,RU,2022-04-03 01:15:01,51.4667,140.7833,40.77,57,15,6.8
115,Port Said,EG,2022-04-03 01:15:01,31.2565,32.2841,64.26,76,100,9.71
116,Mtwara,TZ,2022-04-03 01:15:01,-10.2667,40.1833,75.11,92,97,5.32
117,Yatou,CN,2022-04-03 01:15:02,37.15,122.3833,52.25,52,0,2.8
118,Tocopilla,CL,2022-04-03 01:15:02,-22.092,-70.1979,67.87,66,7,6.51
119,Kavaratti,IN,2022-04-03 01:15:02,10.5669,72.642,82.13,71,2,2.89
120,Katsuura,JP,2022-04-03 01:15:03,35.1333,140.3,48.22,75,100,13.78
121,Kupang,ID,2022-04-03 01:15:03,-10.1667,123.5833,81.9,72,13,2.82
122,Yellowknife,CA,2022-04-03 01:15:03,62.456,-114.3525,7.32,43,75,9.22
123,Nata,PA,2022-04-03 01:15:04,8.3333,-80.5167,82.27,72,6,12.39
124,Monrovia,LR,2022-04-03 01:15:04,6.3005,-10.7969,76.62,89,100,6.24
125,Mehamn,NO,2022-04-03 01:15:05,71.0357,27.8492,27.21,77,100,17.43
126,Odweyne,SO,2022-04-03 01:15:05,9.4092,45.064,70.41,44,15,8.57
127,Norman Wells,CA,2022-04-03 01:15:05,65.282,-126.8329,5.04,39,20,2.3
128,Arlit,NE,2022-04-03 01:15:06,18.7369,7.3853,83.03,4,100,6.62
129,Dunedin,NZ,2022-04-03 01:11:31,-45.8742,170.5036,63.52,61,92,6.04
130,Faanui,PF,2022-04-03 01:15:06,-16.4833,-151.75,82.29,70,11,5.17
131,Kempsey,AU,2022-04-03 01:11:44,-31.0833,152.8333,75.94,73,100,3.0
132,Miyako,JP,2022-04-03 01:15:07,39.6367,141.9525,47.1,54,2,5.21
133,Carutapera,BR,2022-04-03 01:15:07,-1.195,-46.02,75.47,95,100,5.06
134,Lahaina,US,2022-04-03 01:16:07,20.8783,-156.6825,82.4,82,27,12.59
135,Longyearbyen,SJ,2022-04-03 01:16:08,78.2186,15.6401,3.04,78,20,14.97
136,Swift Current,CA,2022-04-03 01:15:24,50.2834,-107.8014,40.01,93,100,3.44
137,Walvis Bay,NA,2022-04-03 01:16:08,-22.9575,14.5053,57.09,88,0,6.91
138,Sao Joao Da Barra,BR,2022-04-03 01:16:09,-21.6403,-41.0511,76.48,87,49,5.88
139,Klaksvik,FO,2022-04-03 01:12:41,62.2266,-6.589,45.52,90,100,20.2
140,Preston,GB,2022-04-03 01:16:09,53.7667,-2.7167,35.58,87,17,1.9
141,Mayskiy,RU,2022-04-03 01:16:09,47.6931,40.1025,49.41,75,0,15.39
142,Bengkulu,ID,2022-04-03 01:16:10,-3.8004,102.2655,79.07,71,25,3.94
143,Tlacotepec,MX,2022-04-03 01:16:10,20.0667,-97.8667,66.25,87,57,3.27
144,Mezhdurechensk,RU,2022-04-03 01:16:10,53.6942,88.0603,34.02,100,100,3.22
145,Flin Flon,CA,2022-04-03 01:16:11,54.7682,-101.865,25.57,89,100,3.44
146,San Patricio,US,2022-04-03 01:16:11,28.017,-97.5169,81.32,74,0,12.55
147,Mayo,US,2022-04-03 01:16:12,38.8876,-76.5119,50.13,66,0,10.36
148,Breytovo,RU,2022-04-03 01:16:12,58.2993,37.8617,24.08,94,100,14.88
149,Erenhot,CN,2022-04-03 01:16:12,43.6475,111.9767,45.63,23,0,18.97
150,Sakakah,SA,2022-04-03 01:16:13,29.9697,40.2064,69.37,15,95,5.1
151,Khorramshahr,IR,2022-04-03 01:16:13,30.4397,48.1664,67.96,42,0,6.91
152,Chimbote,PE,2022-04-03 01:16:13,-9.0853,-78.5783,69.15,83,98,7.85
153,Muroto,JP,2022-04-03 01:16:14,33.2833,134.15,54.81,64,100,11.83
154,Narsaq,GL,2022-04-03 01:16:14,60.9167,-46.05,35.82,96,100,1.95
155,Eyl,SO,2022-04-03 01:16:15,7.9803,49.8164,77.11,82,14,6.96
156,Abu Samrah,SY,2022-04-03 01:16:15,35.3029,37.1841,62.8,37,100,6.4
157,Ouadda,CF,2022-04-03 01:16:15,8.0777,22.4007,72.39,51,65,3.94
158,Esperance,AU,2022-04-03 01:16:16,-33.8667,121.9,75.58,39,42,11.21
159,Ancud,CL,2022-04-03 01:13:53,-41.8697,-73.8203,46.22,77,97,10.47
160,Hambantota,LK,2022-04-03 01:16:16,6.1241,81.1185,78.28,82,2,3.91
161,Lulea,SE,2022-04-03 01:16:16,65.5842,22.1547,24.87,63,100,8.05
162,Marzuq,YE,2022-04-03 01:16:17,14.4,46.4667,67.24,27,0,4.0
163,Alofi,NU,2022-04-03 01:16:17,-19.0595,-169.9187,84.09,74,81,11.5
164,Birjand,IR,2022-04-03 01:16:17,32.8663,59.2211,43.27,28,0,4.61
165,Boyolangu,ID,2022-04-03 01:16:18,-8.1181,111.8935,80.47,82,17,1.59
166,Castro,BR,2022-04-03 01:14:50,-24.7911,-50.0119,58.55,97,100,9.08
167,Nome,US,2022-04-03 01:16:18,64.5011,-165.4064,22.15,45,0,14.97
168,Itarema,BR,2022-04-03 01:16:19,-2.9248,-39.9167,74.8,90,89,8.3
169,Bambous Virieux,MU,2022-04-03 01:16:19,-20.3428,57.7575,76.21,100,75,17.27
170,Saskylakh,RU,2022-04-03 01:16:19,71.9167,114.0833,-0.11,96,100,10.36
171,Alugan,PH,2022-04-03 01:16:20,12.2188,125.4808,81.01,78,94,11.36
172,Tabou,CI,2022-04-03 01:16:20,4.423,-7.3528,78.04,89,100,7.85
173,Kroya,ID,2022-04-03 01:16:20,-7.6331,109.2461,80.85,80,40,3.4
174,Ballina,AU,2022-04-03 01:16:21,-28.8667,153.5667,81.79,74,87,6.06
175,North Bend,US,2022-04-03 01:16:21,43.4065,-124.2243,57.92,80,0,20.71
176,Lorengau,PG,2022-04-03 01:16:21,-2.0226,147.2712,80.47,81,100,5.95
177,Torbay,CA,2022-04-03 01:15:25,47.6666,-52.7314,36.57,87,100,19.57
178,Mendi,PG,2022-04-03 01:16:22,-6.1761,143.6513,68.07,61,92,4.9
179,Komsomolskiy,UZ,2022-04-03 01:17:22,40.4272,71.7189,56.12,62,0,4.61
180,Inuvik,CA,2022-04-03 01:17:23,68.3499,-133.7218,-3.14,50,20,6.91
181,Tasiilaq,GL,2022-04-03 01:17:23,65.6145,-37.6368,26.76,95,100,16.33
182,Wajima,JP,2022-04-03 01:17:23,37.4,136.9,50.68,61,20,11.5
183,Petukhovo,RU,2022-04-03 01:17:24,55.0692,67.9019,35.35,99,100,9.35
184,Mahebourg,MU,2022-04-03 01:17:24,-20.4081,57.7,76.24,100,75,17.27
185,Najran,SA,2022-04-03 01:17:21,17.4924,44.1277,61.45,21,0,1.19
186,Tchollire,CM,2022-04-03 01:17:25,8.4022,14.1698,77.11,14,83,2.66
187,Souillac,MU,2022-04-03 01:17:25,-20.5167,57.5167,75.58,100,75,17.27
188,Florence,IT,2022-04-03 01:13:19,43.7667,11.25,42.24,93,0,4.61
189,Xichang,CN,2022-04-03 01:17:25,27.8964,102.2634,50.85,74,55,3.49
190,Alyangula,AU,2022-04-03 01:17:26,-13.8483,136.4192,84.92,61,56,4.27
191,Honningsvag,NO,2022-04-03 01:17:26,70.9821,25.9704,29.95,80,100,18.41
192,Leningradskiy,RU,2022-04-03 01:17:26,69.3833,178.4167,-2.87,91,100,12.77
193,Mount Isa,AU,2022-04-03 01:17:27,-20.7333,139.5,91.17,16,5,10.36
194,Subtanjalla,PE,2022-04-03 01:17:27,-14.0189,-75.7581,72.54,61,100,4.54
195,East London,ZA,2022-04-03 01:16:40,-33.0153,27.9116,67.39,87,100,12.95
196,Samba,IN,2022-04-03 01:17:28,32.5667,75.1167,68.14,17,0,4.27
197,Zyryanka,RU,2022-04-03 01:17:28,65.75,150.85,-0.31,75,99,3.09
198,Maceio,BR,2022-04-03 01:13:42,-9.6658,-35.7353,74.64,88,20,2.3
199,Baker City,US,2022-04-03 01:14:57,44.7749,-117.8344,51.6,34,0,17.27
200,Kaohsiung,TW,2022-04-03 01:17:28,22.6163,120.3133,61.03,93,75,6.91
201,Saint-Paul,RE,2022-04-03 01:17:29,-21.0096,55.2707,77.09,79,100,4.9
202,Kununurra,AU,2022-04-03 01:17:29,-15.7667,128.7333,89.58,43,43,6.91
203,Omboue,GA,2022-04-03 01:17:29,-1.5746,9.2618,73.27,94,82,2.26
204,Sangar,RU,2022-04-03 01:17:30,63.9242,127.4739,19.78,85,100,0.74
205,Kitami,JP,2022-04-03 01:17:30,43.8031,143.8908,49.46,49,0,6.98
206,Betare Oya,CM,2022-04-03 01:17:30,5.6,14.0833,70.27,66,100,4.0
207,Conde,BR,2022-04-03 01:17:31,-7.2597,-34.9075,78.26,89,20,4.61
208,Amahai,ID,2022-04-03 01:17:31,-3.3333,128.9167,83.52,71,99,0.98
209,La Ronge,CA,2022-04-03 01:17:32,55.1001,-105.2842,35.85,44,75,3.44
210,Gumdag,TM,2022-04-03 01:17:32,39.2061,54.5906,66.76,22,0,6.64
211,Naze,JP,2022-04-03 01:17:32,28.3667,129.4833,58.12,73,100,15.3
212,Laguna,US,2022-04-03 01:13:51,38.421,-121.4238,80.89,20,0,9.22
213,Aripuana,BR,2022-04-03 01:17:33,-9.1667,-60.6333,71.38,99,49,2.01
214,Harper,LR,2022-04-03 01:17:33,4.375,-7.7169,78.67,87,100,8.77
215,Sorong,ID,2022-04-03 01:17:34,-0.8833,131.25,81.66,81,100,6.8
216,Ust-Maya,RU,2022-04-03 01:17:34,60.4167,134.5333,22.3,78,100,6.64
217,Rosario,AR,2022-04-03 01:17:34,-32.9468,-60.6393,62.08,74,0,5.75
218,Ahipara,NZ,2022-04-03 01:17:35,-35.1667,173.1667,69.73,73,100,0.94
219,Springbok,ZA,2022-04-03 01:17:35,-29.6643,17.8865,55.24,69,94,0.72
220,Nizhniye Sergi,RU,2022-04-03 01:17:35,56.6614,59.3033,32.77,99,100,3.44
221,Sola,VU,2022-04-03 01:17:36,-13.8833,167.55,81.86,76,100,13.58
222,Buchanan,LR,2022-04-03 01:17:36,5.8808,-10.0467,76.39,90,100,6.71
223,Saldanha,ZA,2022-04-03 01:17:36,-33.0117,17.9442,60.04,81,0,11.54
224,Ribeira Grande,PT,2022-04-03 01:18:37,38.5167,-28.7,59.9,74,100,19.51
225,Nova Borova,UA,2022-04-03 01:18:37,50.693,28.6345,33.04,97,100,6.73
226,Codrington,AU,2022-04-03 01:18:37,-38.2667,141.9667,63.86,65,97,5.95
227,Meulaboh,ID,2022-04-03 01:17:27,4.1363,96.1285,77.36,87,100,1.83
228,Huron,US,2022-04-03 01:18:38,41.1501,-82.5499,42.33,70,90,3.09
229,Sioux Lookout,CA,2022-04-03 01:18:38,50.1001,-91.917,33.87,69,100,6.91
230,Casper,US,2022-04-03 01:18:38,42.8666,-106.3131,58.71,24,20,9.22
231,Lakes Entrance,AU,2022-04-03 01:18:39,-37.8811,147.981,61.16,95,100,15.39
232,Galle,LK,2022-04-03 01:18:39,6.0367,80.217,78.15,80,13,1.21
233,Mataura,NZ,2022-04-03 01:18:39,-46.1927,168.8643,63.41,55,39,6.87
234,Aravankadu,IN,2022-04-03 01:18:40,11.3667,76.7667,59.22,75,9,1.54
235,Nioro,GM,2022-04-03 01:18:10,13.35,-15.75,76.17,31,100,9.26
236,Labuan,MY,2022-04-03 01:18:40,5.2767,115.2417,80.96,94,20,2.3
237,Dikson,RU,2022-04-03 01:18:41,73.5069,80.5464,-5.46,100,26,8.12
238,Tarbert,GB,2022-04-03 01:17:20,55.8628,-5.4162,38.3,86,100,3.83
239,Rocha,UY,2022-04-03 01:17:28,-34.4833,-54.3333,54.64,92,0,7.56
240,Mahanje,TZ,2022-04-03 01:18:41,-9.9333,35.3333,65.21,93,93,1.39
241,Bafata,GW,2022-04-03 01:18:42,12.1667,-14.75,74.95,57,21,6.08
242,Tenenkou,ML,2022-04-03 01:18:42,14.4572,-4.9169,84.51,11,2,3.38
243,Broken Hill,AU,2022-04-03 01:18:42,-31.95,141.4333,66.06,38,62,2.3
244,Ostrovnoy,RU,2022-04-03 01:18:43,68.0531,39.5131,16.02,92,100,12.66
245,Luba,GQ,2022-04-03 01:18:43,3.4568,8.5547,80.31,82,100,8.97
246,Wasilla,US,2022-04-03 01:18:43,61.5814,-149.4394,45.95,43,0,13.8
247,Gimli,CA,2022-04-03 01:18:44,50.6336,-96.9907,32.02,64,100,4.61
248,Babylon,US,2022-04-03 01:18:44,40.6957,-73.3257,45.25,71,0,10.36
249,Qianan,CN,2022-04-03 01:18:44,44.9932,124.0581,51.58,29,29,19.89
250,Abu Kamal,SY,2022-04-03 01:18:45,34.4506,40.9171,70.21,18,100,9.55
251,Nikolskoye,RU,2022-04-03 01:18:45,59.7035,30.7861,25.88,95,5,2.75
252,Acapulco,MX,2022-04-03 01:18:45,16.8634,-99.8901,78.62,73,75,12.66
253,Sao Gabriel Da Cachoeira,BR,2022-04-03 01:18:46,-0.1303,-67.0892,72.73,98,100,3.89
254,Kruisfontein,ZA,2022-04-03 01:18:46,-34.0033,24.7314,61.88,94,100,8.66
255,Lerwick,GB,2022-04-03 01:18:46,60.1545,-1.1494,42.8,80,100,15.3
256,Cidreira,BR,2022-04-03 01:18:47,-30.1811,-50.2056,70.56,77,2,19.55
257,Forlimpopoli,IT,2022-04-03 01:18:47,44.1911,12.1287,42.66,88,0,4.61
258,Plouzane,FR,2022-04-03 01:18:47,48.3833,-4.6167,37.45,84,0,4.61
259,Ventspils,LV,2022-04-03 01:18:48,57.3894,21.5606,30.13,59,0,4.61
260,Markova,UA,2022-04-03 01:18:48,48.6758,24.4138,29.66,94,100,4.09
261,Rafsanjan,IR,2022-04-03 01:18:48,30.4067,55.9939,65.12,16,3,7.18
262,Christchurch,NZ,2022-04-03 01:15:00,-43.5333,172.6333,71.42,72,12,9.22
263,Vila Velha,BR,2022-04-03 01:18:49,-20.3297,-40.2925,78.94,89,75,3.44
264,Hamilton,US,2022-04-03 01:18:49,39.1834,-84.5333,50.23,59,100,9.22
265,Louis Trichardt,ZA,2022-04-03 01:18:49,-23.0439,29.9032,64.35,75,0,1.97
266,Constantine,DZ,2022-04-03 01:18:50,36.365,6.6147,33.21,93,0,0.0
267,Vardo,NO,2022-04-03 01:18:50,70.3705,31.1107,27.99,71,100,8.66
268,Cockburn Town,TC,2022-04-03 01:18:50,21.4612,-71.1419,77.88,78,0,19.19
269,Port Hedland,AU,2022-04-03 01:18:51,-20.3167,118.5667,89.65,48,5,10.36
270,Waipawa,NZ,2022-04-03 01:19:51,-41.4122,175.5153,64.76,71,6,3.6
271,Bara,NG,2022-04-03 01:18:03,10.3744,10.7288,78.71,11,100,3.96
272,Barabinsk,RU,2022-04-03 01:19:52,55.3571,78.357,31.82,99,100,6.67
273,Idlib,SY,2022-04-03 01:19:52,35.9306,36.6339,57.58,45,43,3.29
274,Ponta Delgada,PT,2022-04-03 01:19:52,37.7333,-25.6667,57.92,88,20,6.91
275,Acari,PE,2022-04-03 01:19:53,-15.4311,-74.6158,72.82,76,54,3.33
276,Provideniya,RU,2022-04-03 01:19:53,64.3833,-173.3,18.36,52,0,11.88
277,Wuwei,CN,2022-04-03 01:19:53,37.9281,102.6414,49.48,23,100,4.03
278,Imuris,MX,2022-04-03 01:19:54,30.7833,-110.8667,76.64,16,0,10.51
279,Weiser,US,2022-04-03 01:18:34,44.251,-116.9693,60.31,33,0,3.0
280,Margate,GB,2022-04-03 01:19:54,51.3813,1.3862,39.69,60,22,3.0
281,Oga,IT,2022-04-03 01:19:54,46.4631,10.347,23.68,98,99,4.74
282,Airai,TL,2022-04-03 01:19:55,-8.9266,125.4092,71.42,47,60,1.7
283,Te Anau,NZ,2022-04-03 01:19:55,-45.4167,167.7167,68.02,38,89,0.34
284,Rorvik,NO,2022-04-03 01:19:55,64.8621,11.2373,35.78,70,100,19.53
285,Nanortalik,GL,2022-04-03 01:19:56,60.1432,-45.2371,35.73,92,100,8.57
286,Voi,KE,2022-04-03 01:19:56,-3.3945,38.563,71.74,92,100,4.63
287,Hobyo,SO,2022-04-03 01:16:17,5.3505,48.5268,80.28,75,18,9.44
288,San Quintin,MX,2022-04-03 01:19:56,30.4833,-115.95,61.47,70,100,10.4
289,Camacha,PT,2022-04-03 01:19:57,33.0833,-16.3333,58.42,77,40,11.5
290,Coahuayana,MX,2022-04-03 01:19:57,18.7333,-103.6833,72.46,75,0,4.74
291,Carballo,ES,2022-04-03 01:19:57,43.213,-8.691,45.01,77,5,4.09
292,Mayahi,NE,2022-04-03 01:19:58,13.9553,7.6712,79.88,6,100,7.16
293,Ilulissat,GL,2022-04-03 01:19:58,69.2167,-51.1,24.82,80,100,4.61
294,San Cristobal,VE,2022-04-03 01:17:32,7.7669,-72.225,75.38,75,56,2.62
295,Atambua,ID,2022-04-03 01:19:59,-9.1061,124.8925,80.13,62,30,0.65
296,Avera,US,2022-04-03 01:19:59,33.194,-82.5271,60.31,63,2,4.41
297,Sitka,US,2022-04-03 01:19:59,57.0531,-135.33,40.89,75,100,11.5
298,Sorland,NO,2022-04-03 01:20:00,67.667,12.6934,33.28,68,100,28.68
299,Georgetown,MY,2022-04-03 01:20:00,5.4112,100.3354,82.33,87,20,5.75
300,Saint Anthony,US,2022-04-03 01:20:00,45.0205,-93.218,39.96,58,100,16.11
301,Daniel Flores,CR,2022-04-03 01:20:01,9.3355,-83.6694,72.21,91,59,1.39
302,Garissa,KE,2022-04-03 01:20:01,-0.4536,39.6401,79.39,79,46,9.53
303,Basco,PH,2022-04-03 01:20:02,20.4487,121.9702,74.68,80,100,31.79
304,Caravelas,BR,2022-04-03 01:20:02,-17.7125,-39.2481,76.35,83,0,4.7
305,Namibe,AO,2022-04-03 01:20:03,-15.1961,12.1522,70.79,84,100,4.38
306,Shaoguan,CN,2022-04-03 01:20:03,24.8,113.5833,58.12,70,0,3.38
307,Kefamenanu,ID,2022-04-03 01:20:03,-9.4467,124.4781,79.99,61,29,1.54
308,Sao Filipe,CV,2022-04-03 01:20:04,14.8961,-24.4956,70.59,80,30,2.3
309,Lavrentiya,RU,2022-04-03 01:20:04,65.5833,-171.0,12.0,69,0,12.95
310,Grahamstown,ZA,2022-04-03 01:20:05,-33.3042,26.5328,56.95,98,100,9.86
311,Ludwigslust,DE,2022-04-03 01:20:05,53.3167,11.5,30.81,74,3,5.82
312,Angoche,MZ,2022-04-03 01:20:05,-16.2325,39.9086,76.69,81,18,1.9
313,Becerril,CO,2022-04-03 01:20:06,9.7041,-73.2793,81.45,67,53,4.25
314,Naliya,IN,2022-04-03 01:20:06,23.2667,68.8333,75.45,77,0,7.27
315,Portland,US,2022-04-03 01:18:24,45.5234,-122.6762,60.57,49,75,4.61
316,Copiapo,CL,2022-04-03 01:20:07,-27.3667,-70.3333,63.64,66,0,2.84
317,Fairview,US,2022-04-03 01:20:07,40.8126,-73.999,47.17,61,0,11.5
318,Lindas,NO,2022-04-03 01:21:07,60.7381,5.16,35.78,97,100,0.51
319,Vanino,RU,2022-04-03 01:21:08,49.0869,140.2543,44.8,59,7,7.72
320,Caibarien,CU,2022-04-03 01:21:08,22.5206,-79.4669,77.54,83,17,8.03
321,Gat,IL,2022-04-03 01:21:08,31.61,34.7642,74.39,46,100,4.12
322,Merauke,ID,2022-04-03 01:21:09,-8.4667,140.3333,83.14,70,81,2.13
323,Katobu,ID,2022-04-03 01:21:10,-4.9408,122.5276,82.67,73,93,2.04
324,College,US,2022-04-03 01:21:10,64.8569,-147.8028,24.58,73,100,8.05
325,Sterling,US,2022-04-03 01:19:23,39.0062,-77.4286,52.41,47,100,8.05
326,Chingirlau,KZ,2022-04-03 01:21:10,51.095,54.0814,51.21,60,100,14.67
327,Graaff-Reinet,ZA,2022-04-03 01:21:11,-32.2522,24.5308,53.92,96,100,2.39
328,Tura,IN,2022-04-03 01:21:11,25.5198,90.2201,71.08,89,4,4.07
329,Dicabisagan,PH,2022-04-03 01:21:11,17.0818,122.4157,78.44,76,91,3.04
330,Charters Towers,AU,2022-04-03 01:21:12,-20.1,146.2667,84.27,50,9,7.45
331,Susurluk,TR,2022-04-03 01:21:12,39.9136,28.1578,55.89,65,0,12.41
332,Nador,MA,2022-04-03 01:21:13,35.174,-2.9287,57.45,67,0,10.36
333,Jaroslaw,PL,2022-04-03 01:21:13,50.0162,22.6778,31.91,98,100,10.36
334,Redmond,US,2022-04-03 01:17:36,47.674,-122.1215,57.0,58,100,4.0
335,Urumqi,CN,2022-04-03 01:21:13,43.801,87.6005,47.35,40,0,6.71
336,Flinders,AU,2022-04-03 01:21:14,-34.5833,150.8552,76.37,56,98,11.01
337,Bilibino,RU,2022-04-03 01:21:14,68.0546,166.4372,14.61,71,100,1.45
338,Brae,GB,2022-04-03 01:21:14,60.3964,-1.353,40.39,89,100,15.32
339,Bathsheba,BB,2022-04-03 01:21:15,13.2167,-59.5167,79.41,69,40,21.85
340,Languyan,PH,2022-04-03 01:21:15,5.2618,120.0807,77.29,90,100,7.56
341,Umm Lajj,SA,2022-04-03 01:21:16,25.0213,37.2685,79.93,31,14,0.6
342,Dingle,PH,2022-04-03 01:21:16,10.9995,122.6711,82.44,71,99,13.53
343,Tak Bai,TH,2022-04-03 01:21:16,6.2595,102.0546,82.71,85,95,4.83
344,West Wendover,US,2022-04-03 01:21:17,40.7391,-114.0733,63.61,16,20,8.05
345,Piacabucu,BR,2022-04-03 01:21:17,-10.4056,-36.4344,77.56,83,18,5.75
346,Canaries,ES,2022-04-03 01:21:17,28.0,-15.5,57.16,68,40,5.75
347,Namatanai,PG,2022-04-03 01:21:18,-3.6667,152.4333,82.22,77,87,13.4
348,Pundaguitan,PH,2022-04-03 01:21:18,6.3711,126.1689,79.95,81,100,13.35
349,Porto Santo,PT,2022-04-03 01:21:18,33.072,-16.3415,61.18,77,40,11.5
350,Yanam,IN,2022-04-03 01:21:19,16.7333,82.2167,77.56,87,97,3.18
351,Salinopolis,BR,2022-04-03 01:21:19,-0.6136,-47.3561,78.76,87,100,8.75
352,Krasnogorodsk,RU,2022-04-03 01:21:19,56.8357,28.2822,24.12,91,20,8.12
353,Toamasina,MG,2022-04-03 01:21:20,-18.1667,49.3833,72.25,86,46,8.75
354,Loiza,PR,2022-04-03 01:21:20,18.4313,-65.8802,77.05,86,40,5.75
355,Qaqortoq,GL,2022-04-03 01:21:20,60.7167,-46.0333,35.2,98,100,0.4
356,Kungurtug,RU,2022-04-03 01:21:21,50.5994,97.5228,27.12,70,100,1.45
357,Nerchinskiy Zavod,RU,2022-04-03 01:21:21,51.3088,119.61,43.47,42,100,13.11
358,Sergeyevka,KZ,2022-04-03 01:21:21,53.88,67.4158,34.93,88,28,11.56
359,Mogadishu,SO,2022-04-03 01:21:22,2.0371,45.3438,80.44,81,33,10.56
360,Dudinka,RU,2022-04-03 01:21:22,69.4058,86.1778,4.62,97,100,6.08
361,Hasaki,JP,2022-04-03 01:21:22,35.7333,140.8333,50.29,57,100,14.81
362,Gamba,GA,2022-04-03 01:18:39,-2.65,10.0,74.3,94,100,2.82
363,Batagay,RU,2022-04-03 01:22:23,67.6333,134.6333,7.11,85,65,0.34
364,Hokitika,NZ,2022-04-03 01:22:23,-42.7167,170.9667,64.47,69,0,6.11
365,Nemuro,JP,2022-04-03 01:22:24,43.3236,145.575,38.25,71,1,14.29
366,Plettenberg Bay,ZA,2022-04-03 01:22:24,-34.0527,23.3716,60.39,90,98,4.94
367,Lima,PE,2022-04-03 01:19:41,-12.0432,-77.0282,72.9,69,20,13.8
368,Marawi,PH,2022-04-03 01:22:25,7.9986,124.2928,72.77,88,100,1.74
369,Thinadhoo,MV,2022-04-03 01:21:18,0.5333,72.9333,82.87,69,5,4.63
370,Washougal,US,2022-04-03 01:22:25,45.5826,-122.3534,59.65,49,75,4.61
371,Digby,CA,2022-04-03 01:21:54,44.6169,-65.7655,41.59,72,17,19.53
372,Touros,BR,2022-04-03 01:22:26,-5.1989,-35.4608,77.52,89,20,9.95
373,Spornoye,RU,2022-04-03 01:22:26,50.8448,37.2913,40.41,85,100,18.41
374,Cabo San Lucas,MX,2022-04-03 01:20:02,22.8909,-109.9124,78.1,69,40,13.8
375,Koltubanovskiy,RU,2022-04-03 01:22:26,52.9407,52.0269,45.41,79,100,10.8
376,Tuatapere,NZ,2022-04-03 01:22:27,-46.1333,167.6833,61.39,63,19,8.1
377,San Jose,US,2022-04-03 01:17:58,37.3394,-121.895,79.88,39,75,14.97
378,Baculin,PH,2022-04-03 01:22:27,7.4525,126.5842,75.94,94,100,6.78
379,Roma,US,2022-04-03 01:21:02,43.2128,-75.4557,37.96,62,0,3.44
380,Quatre Cocos,MU,2022-04-03 01:18:38,-20.2078,57.7625,76.08,88,100,12.73
381,Hay River,CA,2022-04-03 01:18:31,60.8156,-115.7999,3.18,78,75,10.36
382,Ferrol,ES,2022-04-03 01:21:43,43.4832,-8.2369,45.68,75,9,7.56
383,Holme,DK,2022-04-03 01:22:28,56.1138,10.1725,29.17,83,39,6.08
384,Bucerias,MX,2022-04-03 01:21:19,20.75,-105.3333,73.98,78,0,11.5
385,Kharan,PK,2022-04-03 01:22:28,28.5833,65.4167,70.32,12,50,8.25
386,Kahna Nau,PK,2022-04-03 01:22:29,31.3692,74.3653,69.84,52,0,12.66
387,Vanavara,RU,2022-04-03 01:22:29,60.34,102.2797,11.61,86,96,9.51
388,Chiriqui Grande,PA,2022-04-03 01:22:29,8.95,-82.1167,77.05,87,94,2.1
389,Mitsamiouli,KM,2022-04-03 01:22:30,-11.3847,43.2844,80.76,74,10,3.18
390,Vila Franca Do Campo,PT,2022-04-03 01:18:43,37.7167,-25.4333,57.61,85,43,6.73
391,Lisala,CD,2022-04-03 01:22:30,2.15,21.5167,70.93,97,100,2.95
392,El Tigre,VE,2022-04-03 01:20:13,8.8875,-64.2454,82.63,51,84,15.61
393,Bethel,US,2022-04-03 01:22:31,41.3712,-73.414,45.93,57,0,3.44
394,Petropavlovsk-Kamchatskiy,RU,2022-04-03 01:20:56,53.0452,158.6483,30.79,43,40,20.13
395,Port Hardy,CA,2022-04-03 01:22:31,50.6996,-127.4199,46.58,76,100,12.66
396,Mao,ES,2022-04-03 01:22:31,39.8885,4.2658,43.36,81,0,12.66
397,Ibb,YE,2022-04-03 01:22:32,13.9667,44.1833,61.97,47,0,4.14
398,Bulgan,MN,2022-04-03 01:22:32,48.8125,103.5347,42.58,24,100,4.09
399,Ayagoz,KZ,2022-04-03 01:22:32,47.9714,80.4392,32.36,77,28,3.51
400,Ayan,RU,2022-04-03 01:22:33,56.45,138.1667,29.1,71,15,5.82
401,Itoman,JP,2022-04-03 01:19:51,26.1247,127.6694,64.42,92,75,9.22
402,Cap-Aux-Meules,CA,2022-04-03 01:22:33,47.3821,-61.8597,32.05,100,100,24.16
403,Necochea,AR,2022-04-03 01:22:33,-38.5473,-58.7368,60.1,56,0,16.78
404,Debre Tabor,ET,2022-04-03 01:22:34,11.85,38.0167,59.29,52,57,0.51
405,Khrebtovaya,RU,2022-04-03 01:22:34,56.7032,104.2494,18.86,76,100,10.18
406,Cherskiy,RU,2022-04-03 01:22:34,68.75,161.3,0.61,83,92,3.53
407,Rabo De Peixe,PT,2022-04-03 01:22:35,37.8,-25.5833,56.71,88,20,6.91
408,Sibu,MY,2022-04-03 01:22:35,2.3,111.8167,77.31,88,20,5.75
409,Teluknaga,ID,2022-04-03 01:22:35,-6.0989,106.6381,87.64,83,20,11.5
410,Jatai,BR,2022-04-03 01:23:36,-17.8814,-51.7144,68.36,89,4,2.42
411,Salym,RU,2022-04-03 01:23:36,60.0625,71.4789,3.99,99,100,2.19
412,Ginir,ET,2022-04-03 01:23:36,7.1333,40.7,58.84,69,99,2.33
413,Pitimbu,BR,2022-04-03 01:23:37,-7.4706,-34.8086,79.39,81,68,9.08
414,Urusha,RU,2022-04-03 01:23:37,54.05,122.9,39.15,67,100,10.22
415,Monitos,CO,2022-04-03 01:23:37,8.25,-76.05,78.71,89,100,6.13
416,Waiouru,NZ,2022-04-03 01:23:38,-39.4833,175.6667,69.12,48,0,5.77
417,Shu,KZ,2022-04-03 01:23:38,43.5983,73.7614,47.93,62,0,5.88
418,Pevek,RU,2022-04-03 01:23:38,69.7008,170.3133,-0.74,88,100,1.5
419,San Javier,ES,2022-04-03 01:23:39,37.8063,-0.8374,49.89,69,96,7.0
420,Duayaw Nkwanta,GH,2022-04-03 01:23:39,7.1724,-2.1028,72.93,96,98,4.07
421,Belaya Gora,RU,2022-04-03 01:23:39,68.5333,146.4167,2.55,87,96,3.33
422,Hovd,MN,2022-04-03 01:23:40,48.0056,91.6419,37.27,20,5,6.93
423,Goderich,CA,2022-04-03 01:20:19,43.7501,-81.7165,37.72,70,100,3.44
424,Sumbe,AO,2022-04-03 01:23:40,-11.2061,13.8437,76.95,88,100,6.31
425,Lesozavodsk,RU,2022-04-03 01:23:40,45.4794,133.4244,47.62,46,0,16.26
426,Chikwawa,MW,2022-04-03 01:23:41,-16.0335,34.8009,72.07,97,89,1.07
427,Fairbanks,US,2022-04-03 01:22:48,64.8378,-147.7164,24.6,73,100,8.05
428,Terskaya,RU,2022-04-03 01:23:41,43.7238,44.7244,54.91,65,11,6.29
429,Ossora,RU,2022-04-03 01:23:42,59.2353,163.0719,27.21,90,100,11.41
430,Craig,US,2022-04-03 01:23:42,40.5153,-107.5464,55.35,35,75,11.5
431,Foumban,CM,2022-04-03 01:23:42,5.7291,10.9001,68.2,63,100,3.47
432,Safranbolu,TR,2022-04-03 01:23:43,41.2508,32.6942,49.24,69,5,1.86
433,Semporna,MY,2022-04-03 01:23:43,4.4818,118.6112,79.48,86,100,8.68
434,Ambon,ID,2022-04-03 01:21:43,-3.6954,128.1814,93.34,59,20,3.44
435,Yeppoon,AU,2022-04-03 01:23:43,-23.1333,150.7333,83.98,61,93,13.87
436,Moramanga,MG,2022-04-03 01:23:44,-18.9333,48.2,58.44,97,12,1.95
437,Bereda,ES,2022-04-03 01:23:44,43.2686,-7.5406,27.14,100,18,2.51
438,Kapasan,ID,2022-04-03 01:23:44,-6.7773,111.3789,80.92,81,95,4.07
439,Pedernales,DO,2022-04-03 01:23:45,18.0384,-71.744,78.64,70,22,6.35
440,Teya,RU,2022-04-03 01:23:45,60.3778,92.6267,12.49,95,97,4.38
441,Nazareno,MX,2022-04-03 01:23:45,25.3833,-103.4167,86.31,10,5,9.55
442,Davila,PH,2022-04-03 01:23:46,18.4726,120.5763,82.38,79,97,25.23
443,Koslan,RU,2022-04-03 01:23:46,63.4564,48.8989,7.2,97,98,4.0
444,Manakara,MG,2022-04-03 01:23:46,-22.1333,48.0167,70.05,96,59,5.68
445,Westport,US,2022-04-03 01:23:47,41.1415,-73.3579,46.27,58,0,8.99
446,Santos Dumont,BR,2022-04-03 01:23:47,-21.4567,-43.5525,62.6,99,40,2.86
447,Ifakara,TZ,2022-04-03 01:23:47,-8.1333,36.6833,69.64,96,50,2.55
448,Alice Springs,AU,2022-04-03 01:23:48,-23.7,133.8833,74.75,32,0,11.5
449,Mandali,IQ,2022-04-03 01:23:48,33.7499,45.5541,72.64,19,0,6.89
450,Ormara,PK,2022-04-03 01:23:48,25.2088,64.6357,76.73,66,35,2.39
451,Fohnsdorf,AT,2022-04-03 01:23:49,47.2183,14.6819,27.43,86,100,5.46
452,Orangeburg,US,2022-04-03 01:23:49,33.4918,-80.8557,61.83,70,0,3.44
453,Rodrigues Alves,BR,2022-04-03 01:23:50,-7.738,-72.6509,72.41,85,100,1.32
454,Stornoway,GB,2022-04-03 01:23:50,58.2093,-6.3865,31.96,93,100,3.44
455,Korla,CN,2022-04-03 01:23:50,41.7597,86.1469,54.05,31,38,5.64
456,Corinto,GR,2022-04-03 01:24:51,37.9407,22.9573,59.9,67,1,8.23
457,Okato,NZ,2022-04-03 01:24:51,-39.2,173.8833,73.9,70,81,6.85
458,Akhmeta,GE,2022-04-03 01:24:52,42.0311,45.2075,50.52,55,6,4.36
459,Hofn,IS,2022-04-03 01:24:52,64.2539,-15.2082,41.04,84,100,5.08
460,Nantucket,US,2022-04-03 01:24:22,41.2835,-70.0995,44.71,74,0,14.97
461,Esso,RU,2022-04-03 01:23:32,55.9333,158.7,18.41,73,90,8.93
462,Fort Dix,US,2022-04-03 01:24:53,40.0298,-74.6185,48.69,59,0,3.44
463,Nyrob,RU,2022-04-03 01:24:53,60.733,56.7202,23.02,87,100,7.78
464,Pierre,US,2022-04-03 01:24:53,44.3683,-100.351,52.86,44,0,8.05
465,Gizycko,PL,2022-04-03 01:24:54,54.0381,21.7644,24.93,67,81,9.91
466,Ovre Ardal,NO,2022-04-03 01:24:54,61.3167,7.8,20.16,97,100,0.54
467,Padang,ID,2022-04-03 01:24:54,-0.9492,100.3543,77.05,72,11,2.59
468,Zapolyarnyy,RU,2022-04-03 01:24:55,69.4154,30.8136,15.08,95,100,4.38
469,Nevel,RU,2022-04-03 01:24:55,56.0209,29.9284,25.99,82,100,10.4
470,Muscle Shoals,US,2022-04-03 01:24:56,34.7448,-87.6675,60.94,56,0,0.0
471,Vuktyl,RU,2022-04-03 01:24:56,63.8567,57.3094,0.46,99,57,3.33
472,Freeport,US,2022-04-03 01:24:56,40.6576,-73.5832,46.76,72,0,17.27
473,Maldonado,UY,2022-04-03 01:23:26,-34.6667,-54.9167,58.39,87,0,7.65
474,Kavieng,PG,2022-04-03 01:24:57,-2.5744,150.7967,81.41,78,85,11.74
475,Kita,ML,2022-04-03 01:24:57,13.0349,-9.4895,89.91,11,100,4.68
476,Eurajoki,FI,2022-04-03 01:24:58,61.2,21.7333,28.42,94,87,3.38
477,Limon,CR,2022-04-03 01:24:58,10.0,-83.0333,78.87,80,97,4.47
478,Harer,ET,2022-04-03 01:24:58,9.3094,42.1258,62.42,62,100,4.23
479,Strezhevoy,RU,2022-04-03 01:24:59,60.7333,77.5889,2.98,98,100,3.33
480,Antofagasta,CL,2022-04-03 01:22:21,-23.65,-70.4,61.88,81,29,4.05
481,Morehead,US,2022-04-03 01:24:59,37.2711,-87.1764,55.85,63,75,4.61
482,Ungheni,MD,2022-04-03 01:24:59,47.2042,27.7958,38.05,92,100,9.22
483,Baoding,CN,2022-04-03 01:25:00,38.8511,115.4903,56.32,26,0,9.95
484,Buctzotz,MX,2022-04-03 01:25:00,21.2,-88.7833,81.28,72,94,4.25
485,Lamesa,US,2022-04-03 01:20:30,32.7376,-101.951,70.52,17,0,9.19
486,Nipawin,CA,2022-04-03 01:25:01,53.3668,-104.0009,24.84,86,40,3.44
487,Labuhan,ID,2022-04-03 01:25:01,-6.8844,112.2051,81.79,76,75,4.27
488,Muros,ES,2022-04-03 01:25:01,42.7762,-9.0603,46.09,69,7,15.41
489,Arezzo,IT,2022-04-03 01:25:02,43.4724,11.869,39.2,92,97,2.37
490,Mashhad,IR,2022-04-03 01:25:02,36.297,59.6062,50.14,57,0,4.61
491,Kurumkan,RU,2022-04-03 01:25:03,54.3,110.3,34.16,73,64,10.25
492,Atar,MR,2022-04-03 01:25:03,20.5169,-13.0499,72.34,19,0,4.92
493,Viedma,AR,2022-04-03 01:25:03,-40.8135,-62.9967,69.04,34,71,26.31
494,Coaldale,CA,2022-04-03 01:21:10,49.7167,-112.6185,47.39,61,75,9.22
495,Joensuu,FI,2022-04-03 01:25:04,62.6012,29.7632,21.27,73,75,4.61
496,Maloy,NO,2022-04-03 01:25:04,61.9353,5.1136,35.33,93,100,4.88
497,Russell,US,2022-04-03 01:25:35,32.3502,-85.1999,62.2,82,0,0.0
498,Luderitz,NA,2022-04-03 01:26:05,-26.6481,15.1594,58.21,85,0,10.58
499,Rio Frio,MX,2022-04-03 01:26:05,19.35,-98.6667,68.23,37,39,1.59
500,Koumac,NC,2022-04-03 01:26:05,-20.5667,164.2833,84.99,74,86,7.14
501,Winnemucca,US,2022-04-03 01:26:06,40.973,-117.7357,60.85,11,0,11.5
502,Coos Bay,US,2022-04-03 01:26:06,43.3665,-124.2179,57.99,80,0,20.71
503,Kem,RU,2022-04-03 01:26:06,64.9555,34.5793,17.62,90,100,8.19
504,Umm Kaddadah,SD,2022-04-03 01:25:12,13.6017,26.6876,76.87,16,71,11.74
505,Ocos,GT,2022-04-03 01:26:07,14.5094,-92.1933,82.58,70,0,10.89
506,San Ramon,US,2022-04-03 01:25:18,37.7799,-121.978,78.42,39,0,13.8
507,Izvor,MK,2022-04-03 01:26:07,42.2039,21.5783,34.7,77,96,3.94
508,Narrabri,AU,2022-04-03 01:26:08,-30.3167,149.7833,77.52,29,100,4.61
509,Aitape,PG,2022-04-03 01:26:08,-3.1374,142.3475,81.81,75,100,2.57
510,Maniitsoq,GL,2022-04-03 01:26:08,65.4167,-52.9,29.61,92,100,7.49
511,Alexandria,EG,2022-04-03 01:26:09,31.2156,29.9553,60.76,88,0,4.61
512,Vao,NC,2022-04-03 01:26:09,-22.6667,167.4833,79.2,87,95,20.45
513,Fort Nelson,CA,2022-04-03 01:26:09,58.8053,-122.7002,27.99,54,20,4.61
514,Kasempa,ZM,2022-04-03 01:26:10,-13.4584,25.8338,61.81,97,23,3.91
515,Shubarkuduk,KZ,2022-04-03 01:26:10,49.1447,56.4872,41.97,74,100,12.68
516,Belmonte,BR,2022-04-03 01:26:11,-15.8631,-38.8828,76.57,84,7,5.28
517,Huanren,CN,2022-04-03 01:26:11,41.2647,125.3667,48.78,38,0,4.92
518,Pacific Grove,US,2022-04-03 01:26:11,36.6177,-121.9166,66.2,77,0,9.22
519,Pizhanka,RU,2022-04-03 01:26:12,57.4604,48.542,32.54,98,100,13.62
520,Yagodnoye,RU,2022-04-03 01:26:12,62.55,149.6667,3.81,81,100,1.97
521,Le Port,RE,2022-04-03 01:26:12,-20.9373,55.2919,76.96,94,100,8.72
522,Aklavik,CA,2022-04-03 01:26:13,68.2191,-135.0107,-5.48,87,100,5.93
523,Sauda,NO,2022-04-03 01:26:13,59.6506,6.3542,37.69,95,100,4.21
524,Patiya,BD,2022-04-03 01:26:14,22.2931,91.9762,80.55,89,75,0.0
525,Adrar,MR,2022-04-03 01:26:14,20.5022,-10.0711,75.54,13,0,9.1
526,Bodden Town,KY,2022-04-03 01:26:15,19.2833,-81.25,81.0,76,20,9.22
527,Gari,RU,2022-04-03 01:26:15,59.4307,62.3497,18.36,95,100,7.74
528,Vrangel,RU,2022-04-03 01:26:15,42.7297,133.0839,40.66,79,2,4.18
529,Ahuimanu,US,2022-04-03 01:26:16,21.4447,-157.8378,83.91,70,40,20.71
530,Iqaluit,CA,2022-04-03 01:26:16,63.7506,-68.5145,24.53,92,100,13.8
531,Kargasok,RU,2022-04-03 01:26:16,59.0556,80.8572,9.5,97,100,4.59
532,Oswego,US,2022-04-03 01:26:17,43.4501,-76.1497,37.53,70,100,2.98
533,Aksarka,RU,2022-04-03 01:26:17,66.5606,67.7975,1.17,95,12,8.19
534,Mayumba,GA,2022-04-03 01:26:17,-3.432,10.6554,76.55,90,100,6.49
535,Kahului,US,2022-04-03 01:23:39,20.8947,-156.47,82.42,64,0,27.63
536,Constitucion,CL,2022-04-03 01:26:18,-35.3333,-72.4167,57.56,97,100,7.81
537,Tual,ID,2022-04-03 01:26:18,-5.6667,132.75,82.04,65,45,4.25
538,Svetlogorsk,BY,2022-04-03 01:26:19,52.6333,29.7333,30.4,97,100,10.74
539,Pindwara,IN,2022-04-03 01:27:19,24.8,73.0667,74.68,21,0,1.05
540,Ardu,EE,2022-04-03 01:27:20,59.0986,25.3541,22.59,91,5,3.42
541,Puerto Penasco,MX,2022-04-03 01:27:20,31.3167,-113.5333,65.91,77,8,1.01
542,Adre,TD,2022-04-03 01:27:20,13.4667,22.2,76.12,10,95,10.65
543,Makat,KZ,2022-04-03 01:27:21,47.6469,53.3463,55.96,49,84,15.79
544,Burayevo,RU,2022-04-03 01:27:21,55.8407,55.4083,35.22,100,100,9.51
545,Pisco,PE,2022-04-03 01:23:43,-13.7,-76.2167,66.25,82,0,13.8
546,Makakilo City,US,2022-04-03 01:27:21,21.3469,-158.0858,82.72,58,40,20.71
547,Sambava,MG,2022-04-03 01:27:22,-14.2667,50.1667,73.36,88,2,5.57
548,Chalatenango,SV,2022-04-03 01:27:22,14.0333,-88.9333,77.58,65,80,2.28
549,Tugulym,RU,2022-04-03 01:27:22,57.0591,64.6425,28.47,97,100,5.73
550,Saint-Joseph,RE,2022-04-03 01:27:23,-21.3667,55.6167,72.1,88,100,13.82
551,Sur,OM,2022-04-03 01:27:23,22.5667,59.5289,83.41,35,100,8.88
552,Saint-Augustin,CA,2022-04-03 01:27:23,51.226,-58.6502,32.76,97,100,15.93
553,Camacupa,AO,2022-04-03 01:27:24,-12.0167,17.4833,62.35,96,90,3.0
554,Kuryk,KZ,2022-04-03 01:27:24,43.2,51.65,56.17,47,0,15.19
555,Surt,LY,2022-04-03 01:27:24,31.2089,16.5887,65.25,52,15,8.32
556,Juneau,US,2022-04-03 01:27:25,58.3019,-134.4197,44.6,85,100,23.02
557,Narasannapeta,IN,2022-04-03 01:27:25,18.4167,84.05,78.85,89,49,8.88
558,Thanh Hoa,VN,2022-04-03 01:27:26,19.8,105.7667,62.96,65,100,6.62
559,Belur,IN,2022-04-03 01:27:26,13.1667,75.8667,68.25,78,9,0.58
560,Malanje,AO,2022-04-03 01:27:26,-9.5402,16.341,64.65,99,100,4.12
